Depth,Time
1,3e-06
2,3e-06
3,7e-06
4,1.8e-05
5,2.3e-05
6,2.6e-05
7,3.6e-05
8,5.1e-05
9,9.3e-05
10,0.000198
11,0.000316
12,0.000675
13,0.000791
14,0.000867
15,0.001272
16,0.002355
17,0.002306
18,0.002557
19,0.002064
20,0.002211
21,0.001957
22,0.001994
23,0.001814
24,0.001522
25,0.001418
26,0.001011
27,0.001086
28,0.00062
29,0.000506
30,0.000363
31,0.000258
32,0.000165
33,0.000123
34,7.6e-05
35,4.8e-05
36,3.2e-05
37,1.8e-05
38,1.1e-05
39,7e-06
40,3e-06
41,3e-06
